Country,Freedom,GDP per Capita,Generosity,Healthy life expectancy,Perceptions of corruption,Score,Social support,Year
switzerland,0.66557,1.39651,0.29678,0.94143,0.41978,7.587,1.34951,2015
iceland,0.62877,1.30232,0.4363,0.94784,0.14145,7.561,1.40223,2015
denmark,0.64938,1.32548,0.34139,0.87464,0.48357,7.527,1.36058,2015
norway,0.66973,1.459,0.34699,0.88521,0.36503,7.522,1.33095,2015
canada,0.63297,1.32629,0.45811,0.90563,0.32957,7.427,1.32261,2015
finland,0.64169,1.29025,0.23351,0.88911,0.41372,7.406,1.31826,2015
netherlands,0.61576,1.32944,0.4761,0.89284,0.31814,7.378,1.28017,2015
sweden,0.6598,1.33171,0.36262,0.91087,0.43844,7.364,1.28907,2015
new zealand,0.63938,1.25018,0.47501,0.90837,0.42922,7.286,1.31967,2015
australia,0.65124,1.33358,0.43562,0.93156,0.35637,7.284,1.30923,2015
israel,0.41319,1.22857,0.33172,0.91387,0.07785,7.278,1.22393,2015
costa rica,0.63376,0.95578,0.25497,0.86027,0.10583,7.226,1.23788,2015
austria,0.62433,1.33723,0.33088,0.89042,0.18676,7.2,1.29704,2015
mexico,0.48181,1.02054,0.14074,0.81444,0.21312,7.187,0.91451,2015
united states,0.54604,1.39451,0.40105,0.86179,0.1589,7.119,1.24711,2015
brazil,0.49049,0.98124,0.14574,0.69702,0.17521,6.983,1.23287,2015
luxembourg,0.61583,1.56391,0.28034,0.91894,0.37798,6.946,1.21963,2015
ireland,0.61777,1.33596,0.45901,0.89533,0.28703,6.94,1.36948,2015
belgium,0.5845,1.30782,0.2225,0.89667,0.2254,6.937,1.28566,2015
united arab emirates,0.64157,1.42727,0.26428,0.80925,0.38583,6.901,1.12575,2015
united kingdom,0.59625,1.26637,0.51912,0.90943,0.32067,6.867,1.28548,2015
oman,0.63274,1.36011,0.21542,0.76276,0.32524,6.853,1.08182,2015
venezuela,0.42908,1.04424,0.05841,0.72052,0.11069,6.81,1.25596,2015
singapore,0.54252,1.52186,0.31105,1.02525,0.4921,6.798,1.02,2015
panama,0.5421,1.06353,0.24434,0.79661,0.0927,6.786,1.1985,2015
germany,0.61477,1.32792,0.28214,0.89186,0.21843,6.75,1.29937,2015
chile,0.44132,1.10715,0.33363,0.85857,0.12869,6.67,1.12447,2015
qatar,0.6404,1.69042,0.32573,0.79733,0.52208,6.611,1.0786,2015
france,0.55011,1.27778,0.12332,0.94579,0.20646,6.575,1.26038,2015
argentina,0.44974,1.05351,0.11451,0.78723,0.08484,6.574,1.24823,2015
czech republic,0.46364,1.17898,0.10686,0.84483,0.02652,6.505,1.20643,2015
uruguay,0.60362,1.06166,0.2324,0.8116,0.24558,6.485,1.2089,2015
colombia,0.53466,0.91861,0.18401,0.69077,0.0512,6.477,1.24018,2015
thailand,0.55664,0.9669,0.5763,0.7385,0.03187,6.455,1.26504,2015
saudi arabia,0.31048,1.39541,0.13706,0.72025,0.32524,6.411,1.08393,2015
spain,0.45951,1.23011,0.18227,0.95562,0.06398,6.329,1.31379,2015
malta,0.60365,1.2074,0.51752,0.88721,0.13586,6.302,1.30203,2015
taiwan,0.3974,1.29098,0.25376,0.8753,0.08129,6.298,1.07617,2015
kuwait,0.55499,1.55422,0.16228,0.72492,0.25609,6.295,1.16594,2015
suriname,0.59657,0.99534,0.16991,0.6082,0.13633,6.269,0.972,2015
trinidad & tobago,0.55884,1.21183,0.31844,0.61483,0.0114,6.168,1.18354,2015
el salvador,0.4035,0.76454,0.10692,0.67737,0.11776,6.13,1.02507,2015
guatemala,0.57733,0.74553,0.27489,0.64425,0.09472,6.123,1.04356,2015
uzbekistan,0.65821,0.63244,0.22837,0.59772,0.30826,6.003,1.34043,2015
slovakia,0.31751,1.16891,0.16893,0.78902,0.03431,5.995,1.26999,2015
japan,0.49615,1.27074,0.10705,0.99111,0.1806,5.987,1.25712,2015
south korea,0.33208,1.24461,0.18557,0.96538,0.07857,5.984,0.95774,2015
ecuador,0.48574,0.86402,0.11541,0.79075,0.1809,5.975,0.99903,2015
bahrain,0.45492,1.32376,0.17362,0.74716,0.306,5.96,1.21624,2015
italy,0.26236,1.25114,0.22823,0.95446,0.02901,5.948,1.19777,2015
bolivia,0.57414,0.68133,0.20536,0.5392,0.088,5.89,0.97841,2015
moldova,0.32818,0.59448,0.20951,0.61826,0.01615,5.889,1.01528,2015
paraguay,0.53899,0.75985,0.3424,0.66098,0.08242,5.878,1.30477,2015
kazakhstan,0.51649,1.12254,0.11827,0.64368,0.08454,5.855,1.12241,2015
slovenia,0.60855,1.18498,0.25328,0.87337,0.03787,5.848,1.27385,2015
lithuania,0.21342,1.14723,0.02641,0.73128,0.01031,5.833,1.25745,2015
nicaragua,0.55475,0.59325,0.27815,0.74314,0.19317,5.828,1.14184,2015
peru,0.41496,0.90019,0.14982,0.73017,0.05989,5.824,0.97459,2015
belarus,0.37938,1.03192,0.11046,0.73608,0.1909,5.813,1.23289,2015
poland,0.53122,1.12555,0.16759,0.77903,0.04212,5.791,1.27948,2015
malaysia,0.53024,1.12486,0.33075,0.72394,0.10501,5.77,1.07023,2015
croatia,0.25883,1.08254,0.05444,0.78805,0.0243,5.759,0.79624,2015
libya,0.41668,1.13145,0.18295,0.7038,0.11023,5.754,1.11862,2015
russia,0.36679,1.13764,0.00199,0.66926,0.03005,5.716,1.23617,2015
jamaica,0.50442,0.81038,0.2123,0.68741,0.02299,5.709,1.15102,2015
northern cyprus,0.49027,1.20806,0.26169,0.92356,0.1428,5.695,1.07008,2015
cyprus,0.40672,1.20813,0.30638,0.92356,0.06146,5.689,0.89318,2015
algeria,0.28579,0.93929,0.07822,0.61766,0.17383,5.605,1.07772,2015
kosovo,0.24749,0.80148,0.2831,0.63132,0.04741,5.589,0.81198,2015
turkmenistan,0.4761,0.95847,0.16979,0.53886,0.30844,5.548,1.22668,2015
mauritius,0.56066,1.00761,0.37744,0.7095,0.07521,5.477,0.98521,2015
hong kong,0.59608,1.38604,0.39478,1.01328,0.37124,5.474,1.05818,2015
estonia,0.44888,1.15174,0.0868,0.77361,0.15184,5.429,1.22791,2015
indonesia,0.46611,0.82827,0.51535,0.63793,0.0,5.399,1.08708,2015
vietnam,0.59444,0.63216,0.1686,0.74676,0.10441,5.36,0.91226,2015
turkey,0.22815,1.06098,0.12253,0.73172,0.15746,5.332,0.94632,2015
kyrgyzstan,0.43477,0.47428,0.3003,0.65088,0.04232,5.286,1.15115,2015
nigeria,0.34334,0.65435,0.27233,0.16007,0.0403,5.268,0.90432,2015
bhutan,0.53206,0.77042,0.47998,0.57407,0.15445,5.253,1.10395,2015
azerbaijan,0.3703,1.02389,0.07799,0.64045,0.16065,5.212,0.93793,2015
pakistan,0.12102,0.59543,0.33671,0.51466,0.10464,5.194,0.41411,2015
jordan,0.40661,0.90198,0.11053,0.69639,0.14293,5.192,1.05392,2015
montenegro,0.1826,0.97438,0.1614,0.72521,0.14296,5.192,0.90557,2015
china,0.51697,0.89012,0.08185,0.81658,0.02781,5.14,0.94675,2015
zambia,0.48827,0.47038,0.19591,0.29924,0.12468,5.129,0.91612,2015
romania,0.35068,1.04345,0.13748,0.7689,0.00649,5.124,0.88588,2015
serbia,0.20107,0.92053,0.19231,0.74836,0.02617,5.123,1.00964,2015
portugal,0.51469,1.15991,0.13719,0.87519,0.01078,5.102,1.13935,2015
latvia,0.29671,1.11312,0.18226,0.72437,0.06332,5.098,1.09562,2015
philippines,0.62545,0.70532,0.24991,0.58114,0.12279,5.073,1.03516,2015
somaliland,0.46582,0.18847,0.50318,0.43873,0.39928,5.057,0.95152,2015
morocco,0.41691,0.73479,0.07172,0.60954,0.08546,5.013,0.64095,2015
macedonia,0.33457,0.91851,0.22359,0.73545,0.05327,5.007,1.00232,2015
mozambique,0.34037,0.08308,0.22269,0.09131,0.15603,4.971,1.02626,2015
albania,0.35733,0.87867,0.14272,0.81325,0.06413,4.959,0.80434,2015
bosnia and herzegovina,0.09245,0.83223,0.24808,0.79081,0.00227,4.949,0.91916,2015
lesotho,0.31767,0.37545,0.16388,0.07612,0.12504,4.898,1.04103,2015
dominican republic,0.57672,0.89537,0.21684,0.66825,0.14234,4.885,1.17202,2015
laos,0.59591,0.59066,0.42192,0.54909,0.24249,4.876,0.73803,2015
mongolia,0.43626,0.82819,0.3323,0.60268,0.02666,4.874,1.3006,2015
eswatini,0.30658,0.71206,0.18259,0.07566,0.0306,4.867,1.07284,2015
greece,0.07699,1.15406,0.0,0.88213,0.01397,4.857,0.92933,2015
lebanon,0.33916,1.02564,0.21854,0.83947,0.04582,4.839,0.80001,2015
hungary,0.32112,1.12094,0.128,0.75905,0.02758,4.8,1.20215,2015
honduras,0.40148,0.59532,0.23027,0.6951,0.06825,4.788,0.95348,2015
tajikistan,0.47216,0.39047,0.22974,0.57379,0.15072,4.786,0.85563,2015
tunisia,0.26268,0.88113,0.06431,0.73793,0.06358,4.739,0.60429,2015
palestinian territories,0.24499,0.59867,0.11251,0.66015,0.12905,4.715,0.92558,2015
bangladesh,0.4082,0.39753,0.21222,0.60164,0.12569,4.694,0.43106,2015
iran,0.30033,1.0088,0.38086,0.69805,0.05863,4.686,0.54447,2015
ukraine,0.25123,0.79907,0.15275,0.6739,0.02961,4.681,1.20278,2015
iraq,0.0,0.98549,0.17922,0.60237,0.13788,4.677,0.81889,2015
south africa,0.33207,0.92049,0.11973,0.27688,0.08884,4.642,1.18468,2015
ghana,0.42342,0.54558,0.23087,0.40132,0.04355,4.633,0.67954,2015
zimbabwe,0.25861,0.271,0.18987,0.33475,0.08079,4.61,1.03276,2015
liberia,0.28531,0.0712,0.24362,0.34201,0.06232,4.571,0.78968,2015
india,0.39786,0.64499,0.26475,0.51529,0.08492,4.565,0.38174,2015
sudan,0.10081,0.52107,0.19062,0.36878,0.1466,4.55,1.01404,2015
haiti,0.24425,0.26673,0.46187,0.38847,0.17175,4.518,0.74302,2015
congo (kinshasa),0.22605,0.0,0.24834,0.09806,0.07625,4.517,1.0012,2015
nepal,0.38282,0.35997,0.32296,0.56874,0.05907,4.514,0.86449,2015
ethiopia,0.4345,0.19073,0.24325,0.44055,0.15048,4.512,0.60406,2015
sierra leone,0.4084,0.33024,0.21488,0.0,0.08786,4.507,0.95571,2015
mauritania,0.24232,0.45407,0.219,0.35874,0.17461,4.436,0.86908,2015
kenya,0.42215,0.36471,0.37542,0.41435,0.05839,4.419,0.99876,2015
djibouti,0.46074,0.44025,0.18093,0.36291,0.28105,4.369,0.59207,2015
armenia,0.19847,0.76821,0.07855,0.7299,0.039,4.35,0.77711,2015
botswana,0.49495,0.99355,0.10461,0.04776,0.12474,4.332,1.10464,2015
myanmar,0.44017,0.27108,0.79588,0.48246,0.19034,4.307,0.70905,2015
georgia,0.40577,0.7419,0.05547,0.72926,0.38331,4.297,0.38562,2015
malawi,0.43054,0.01604,0.33128,0.22562,0.06977,4.292,0.41134,2015
sri lanka,0.53726,0.83524,0.40828,0.70806,0.09179,4.271,1.01905,2015
cameroon,0.49309,0.4225,0.20618,0.23402,0.05786,4.252,0.88767,2015
bulgaria,0.30587,1.01216,0.11921,0.76649,0.00872,4.218,1.10614,2015
egypt,0.17288,0.8818,0.11291,0.61712,0.06324,4.194,0.747,2015
yemen,0.35571,0.54649,0.09131,0.40064,0.07854,4.077,0.68093,2015
angola,0.10384,0.75778,0.12344,0.16683,0.07122,4.033,0.8604,2015
mali,0.38857,0.26074,0.18798,0.20583,0.12352,3.995,1.03526,2015
congo (brazzaville),0.41466,0.67866,0.12388,0.31051,0.11686,3.989,0.6629,2015
comoros,0.22917,0.23906,0.17441,0.36315,0.199,3.956,0.79273,2015
uganda,0.45727,0.21102,0.29066,0.33861,0.07267,3.931,1.13299,2015
senegal,0.36772,0.36498,0.20843,0.4354,0.10713,3.904,0.97619,2015
gabon,0.31914,1.06024,0.06822,0.43372,0.11091,3.896,0.90528,2015
niger,0.47692,0.0694,0.19387,0.29707,0.15639,3.845,0.77265,2015
cambodia,0.66246,0.46038,0.40359,0.61114,0.07247,3.819,0.62736,2015
tanzania,0.32878,0.2852,0.34377,0.38215,0.05747,3.781,1.00268,2015
madagascar,0.19184,0.20824,0.21333,0.46721,0.08124,3.681,0.66801,2015
central african republic,0.48879,0.0785,0.23835,0.06699,0.08289,3.678,0.0,2015
chad,0.23501,0.34193,0.18386,0.1501,0.05269,3.667,0.76062,2015
guinea,0.37725,0.17417,0.28657,0.24009,0.12139,3.656,0.46475,2015
ivory coast,0.46866,0.46534,0.20165,0.15185,0.17922,3.655,0.77115,2015
burkina faso,0.39493,0.25812,0.21747,0.27125,0.12832,3.587,0.85188,2015
afghanistan,0.23414,0.31982,0.3651,0.30335,0.09719,3.575,0.30285,2015
rwanda,0.59201,0.22208,0.22628,0.42864,0.55191,3.465,0.7737,2015
benin,0.4845,0.28665,0.1826,0.3191,0.0801,3.34,0.35386,2015
syria,0.15684,0.6632,0.47179,0.72193,0.18906,3.006,0.47489,2015
burundi,0.1185,0.0153,0.19727,0.22396,0.10062,2.905,0.41587,2015
togo,0.36453,0.20868,0.16681,0.28443,0.10731,2.839,0.13995,2015
denmark,0.57941,1.44178,0.36171,0.79504,0.44453,7.526,1.16374,2016
switzerland,0.58557,1.52733,0.28083,0.86303,0.41203,7.509,1.14524,2016
iceland,0.56624,1.42666,0.47678,0.86733,0.14975,7.501,1.18326,2016
norway,0.59609,1.57744,0.37895,0.79579,0.35776,7.498,1.1269,2016
finland,0.57104,1.40598,0.25492,0.81091,0.41004,7.413,1.13464,2016
canada,0.5737,1.44015,0.44834,0.8276,0.31329,7.404,1.0961,2016
netherlands,0.55211,1.46468,0.47416,0.81231,0.29927,7.339,1.02912,2016
new zealand,0.58147,1.36066,0.49401,0.83096,0.41904,7.334,1.17278,2016
australia,0.56837,1.44443,0.47407,0.8512,0.32331,7.313,1.10476,2016
sweden,0.58218,1.45181,0.38254,0.83121,0.40867,7.291,1.08764,2016
israel,0.36432,1.33766,0.32288,0.84917,0.08728,7.267,0.99537,2016
austria,0.54355,1.45038,0.32865,0.80565,0.21348,7.119,1.08383,2016
united states,0.48163,1.50796,0.41077,0.779,0.14868,7.104,1.04782,2016
costa rica,0.55225,1.06879,0.22553,0.76146,0.10547,7.087,1.02152,2016
puerto rico,0.46823,1.35943,0.22202,0.77758,0.12275,7.039,1.08113,2016
germany,0.53466,1.44787,0.30452,0.81487,0.28551,6.994,1.09774,2016
brazil,0.40425,1.08754,0.15776,0.61415,0.14166,6.952,1.03938,2016
belgium,0.51354,1.42539,0.2424,0.81959,0.26248,6.929,1.05249,2016
ireland,0.54008,1.48341,0.44963,0.81455,0.29754,6.907,1.16157,2016
luxembourg,0.5487,1.69752,0.27571,0.84542,0.35329,6.871,1.03999,2016
mexico,0.37709,1.11508,0.11735,0.71143,0.18355,6.778,0.7146,2016
singapore,0.4877,1.64555,0.32706,0.94719,0.46987,6.739,0.86758,2016
united kingdom,0.50036,1.40283,0.50156,0.80991,0.27399,6.725,1.08672,2016
chile,0.37789,1.2167,0.31595,0.81883,0.11451,6.705,0.90587,2016
panama,0.48927,1.18306,0.2418,0.70835,0.08423,6.701,0.98912,2016
argentina,0.42284,1.15137,0.10989,0.69711,0.07296,6.65,1.06612,2016
czech republic,0.41418,1.30915,0.09929,0.76376,0.03986,6.596,1.00793,2016
united arab emirates,0.56215,1.57352,0.26591,0.72993,0.35561,6.573,0.87114,2016
uruguay,0.54388,1.18157,0.18056,0.72183,0.21394,6.545,1.03143,2016
malta,0.54994,1.30782,0.56237,0.80315,0.17554,6.488,1.09879,2016
colombia,0.44735,1.03032,0.15626,0.59659,0.05399,6.481,1.02169,2016
france,0.46562,1.39488,0.1216,0.83795,0.17808,6.478,1.00508,2016
thailand,0.49553,1.0893,0.58696,0.64915,0.02833,6.474,1.04477,2016
saudi arabia,0.37904,1.48953,0.15457,0.59267,0.30008,6.379,0.84829,2016
taiwan,0.32377,1.39729,0.25495,0.79565,0.0663,6.379,0.92624,2016
qatar,0.56679,1.82427,0.32388,0.71723,0.48049,6.375,0.87964,2016
spain,0.37545,1.34253,0.17665,0.87896,0.06137,6.361,1.12945,2016
algeria,0.21006,1.05266,0.07044,0.61804,0.16157,6.355,0.83309,2016
guatemala,0.50379,0.83454,0.28808,0.54039,0.08701,6.324,0.87119,2016
suriname,0.52234,1.09686,0.16665,0.50933,0.12692,6.269,0.77866,2016
kuwait,0.43166,1.61714,0.15965,0.63569,0.23669,6.239,0.87758,2016
bahrain,0.47375,1.44024,0.17147,0.65696,0.25772,6.218,0.94397,2016
trinidad & tobago,0.48453,1.32572,0.31935,0.52608,0.01241,6.168,0.98569,2016
venezuela,0.19847,1.13367,0.0425,0.61904,0.08304,6.084,1.03302,2016
slovakia,0.23391,1.27973,0.13837,0.70367,0.02947,6.078,1.08268,2016
el salvador,0.37269,0.8737,0.08877,0.596,0.10613,6.068,0.80975,2016
malaysia,0.39031,1.25142,0.41474,0.62366,0.09081,6.005,0.88025,2016
nicaragua,0.46582,0.69384,0.29773,0.65213,0.16292,5.992,0.89521,2016
uzbekistan,0.60848,0.73591,0.34326,0.50163,0.28333,5.987,1.1681,2016
italy,0.18827,1.35495,0.16684,0.85102,0.02556,5.977,1.04167,2016
ecuador,0.4027,0.97306,0.10074,0.68613,0.18037,5.976,0.85974,2016
belize,0.51231,0.87616,0.23684,0.45569,0.10771,5.956,0.68655,2016
japan,0.46761,1.38007,0.10224,0.91491,0.18985,5.921,1.06054,2016
kazakhstan,0.4052,1.22943,0.15011,0.57386,0.11132,5.919,0.95544,2016
moldova,0.25202,0.69177,0.19997,0.52309,0.01903,5.897,0.83132,2016
russia,0.32682,1.23228,0.02736,0.58991,0.03586,5.856,1.05261,2016
poland,0.4519,1.24585,0.14443,0.69058,0.055,5.835,1.04685,2016
south korea,0.25168,1.35948,0.18824,0.88645,0.07716,5.835,0.72194,2016
bolivia,0.50961,0.79422,0.21698,0.4697,0.07746,5.822,0.83779,2016
lithuania,0.18929,1.2692,0.02025,0.64674,0.0182,5.813,1.06411,2016
belarus,0.29091,1.13062,0.13942,0.63104,0.17457,5.802,1.04993,2016
northern cyprus,0.43596,1.31141,0.26322,0.84142,0.16578,5.771,0.81826,2016
slovenia,0.53164,1.29947,0.25738,0.79151,0.03635,5.768,1.05613,2016
peru,0.37502,0.99602,0.14527,0.62994,0.05292,5.743,0.81255,2016
turkmenistan,0.37408,1.08017,0.22567,0.44006,0.28467,5.658,1.03817,2016
mauritius,0.46145,1.14372,0.36951,0.66189,0.05203,5.648,0.75695,2016
libya,0.40672,1.06688,0.17087,0.52304,0.10339,5.615,0.95076,2016
latvia,0.27996,1.21788,0.17445,0.63952,0.0889,5.56,0.95025,2016
cyprus,0.29507,1.31857,0.27906,0.8488,0.05228,5.546,0.70697,2016
paraguay,0.46235,0.89373,0.25296,0.58295,0.07396,5.538,1.11111,2016
romania,0.36712,1.1697,0.12889,0.67602,0.00679,5.528,0.72803,2016
estonia,0.41511,1.27964,0.08423,0.68098,0.18519,5.517,1.05163,2016
jamaica,0.43597,0.89333,0.22245,0.59469,0.04294,5.51,0.96372,2016
croatia,0.23907,1.18649,0.18434,0.70524,0.04002,5.488,0.60809,2016
hong kong,0.48079,1.5107,0.40097,0.95277,0.31647,5.458,0.87021,2016
somalia,0.56778,0.0,0.27225,0.11466,0.3118,5.44,0.33613,2016
kosovo,0.14396,0.90145,0.27992,0.54,0.06547,5.401,0.66062,2016
turkey,0.23889,1.16492,0.04707,0.64718,0.12348,5.389,0.87717,2016
indonesia,0.39237,0.95104,0.56521,0.49374,0.00322,5.314,0.87625,2016
jordan,0.36023,0.99673,0.14262,0.60712,0.13297,5.303,0.86216,2016
azerbaijan,0.35327,1.12373,0.0564,0.54504,0.17914,5.291,0.76042,2016
philippines,0.54854,0.81217,0.21674,0.47036,0.11757,5.279,0.87877,2016
china,0.44012,1.0278,0.04959,0.73561,0.02745,5.245,0.79381,2016
bhutan,0.46074,0.8527,0.48546,0.49759,0.1616,5.196,0.90836,2016
kyrgyzstan,0.40212,0.56044,0.38432,0.55449,0.04762,5.185,0.95434,2016
serbia,0.15718,1.03437,0.20737,0.6458,0.04339,5.177,0.81329,2016
bosnia and herzegovina,0.09511,0.93383,0.29889,0.70766,0.0,5.163,0.64367,2016
montenegro,0.15111,1.07838,0.17191,0.63533,0.12721,5.161,0.74173,2016
dominican republic,0.52259,1.02787,0.21286,0.57669,0.12372,5.155,0.99496,2016
morocco,0.25646,0.84058,0.04053,0.59471,0.08404,5.151,0.38595,2016
hungary,0.1977,1.24142,0.099,0.67608,0.04472,5.145,0.93164,2016
pakistan,0.14622,0.68816,0.31185,0.40306,0.1388,5.132,0.26135,2016
lebanon,0.26228,1.12268,0.23693,0.76171,0.03061,5.129,0.64184,2016
portugal,0.44727,1.27607,0.11691,0.79363,0.01521,5.123,0.94367,2016
macedonia,0.27668,1.0193,0.23507,0.64738,0.07047,5.121,0.78236,2016
vietnam,0.55954,0.74037,0.25075,0.66157,0.11556,5.061,0.79117,2016
somaliland,0.3913,0.25558,0.51479,0.33108,0.36794,5.057,0.75862,2016
tunisia,0.23553,0.97724,0.03936,0.59577,0.0817,5.045,0.43165,2016
greece,0.05822,1.24886,0.0,0.80029,0.04127,5.033,0.75473,2016
tajikistan,0.43408,0.48835,0.25998,0.53119,0.13509,4.996,0.75602,2016
mongolia,0.35972,0.98853,0.34539,0.55469,0.03285,4.907,1.08983,2016
laos,0.52168,0.68042,0.43079,0.38291,0.22423,4.876,0.5497,2016
nigeria,0.27854,0.75216,0.23219,0.05108,0.0305,4.875,0.64498,2016
honduras,0.26755,0.69429,0.2044,0.58383,0.06906,4.871,0.75596,2016
iran,0.22544,1.11758,0.38538,0.64232,0.0557,4.813,0.38857,2016
zambia,0.42662,0.61202,0.17866,0.23573,0.11479,4.795,0.6376,2016
nepal,0.37012,0.44626,0.3816,0.50073,0.07008,4.793,0.69699,2016
palestinian territories,0.17744,0.67024,0.11154,0.56844,0.10613,4.754,0.71629,2016
albania,0.31866,0.9553,0.1684,0.73007,0.05301,4.655,0.50163,2016
bangladesh,0.39778,0.54177,0.19132,0.52989,0.12583,4.643,0.24749,2016
sierra leone,0.30685,0.36485,0.23897,0.0,0.08196,4.635,0.628,2016
iraq,0.24856,1.07474,0.19589,0.51076,0.13636,4.575,0.59205,2016
namibia,0.48614,0.93287,0.07795,0.34745,0.10398,4.574,0.70362,2016
cameroon,0.42736,0.52497,0.2268,0.12698,0.06126,4.513,0.62542,2016
ethiopia,0.36703,0.29283,0.29522,0.34578,0.1717,4.508,0.37932,2016
south africa,0.42483,1.02416,0.13656,0.18611,0.08415,4.459,0.96053,2016
sri lanka,0.50817,0.97318,0.46978,0.62007,0.07964,4.415,0.84783,2016
india,0.40285,0.74036,0.25028,0.45091,0.08722,4.404,0.29247,2016
myanmar,0.42692,0.34112,0.81971,0.3988,0.20243,4.395,0.69981,2016
egypt,0.18847,0.95395,0.12706,0.52116,0.10393,4.362,0.49813,2016
armenia,0.14037,0.86086,0.07793,0.64083,0.03616,4.36,0.62477,2016
kenya,0.40576,0.52267,0.41328,0.30147,0.06686,4.356,0.7624,2016
ukraine,0.12859,0.87287,0.20363,0.58628,0.01829,4.324,1.01413,2016
ghana,0.40973,0.63107,0.21203,0.29681,0.0326,4.276,0.49353,2016
congo (kinshasa),0.15602,0.05661,0.25458,0.188,0.06075,4.272,0.80676,2016
georgia,0.32461,0.83792,0.06786,0.64035,0.3188,4.252,0.19249,2016
congo (brazzaville),0.37938,0.77109,0.12077,0.28212,0.09753,4.236,0.47799,2016
senegal,0.31056,0.44314,0.19103,0.40457,0.11681,4.219,0.77416,2016
bulgaria,0.21219,1.11306,0.12793,0.67806,0.00615,4.217,0.92542,2016
mauritania,0.1268,0.61391,0.22686,0.28639,0.17955,4.201,0.84142,2016
zimbabwe,0.25429,0.35041,0.18503,0.1595,0.08582,4.193,0.71478,2016
malawi,0.4143,0.08709,0.30968,0.29364,0.07564,4.156,0.147,2016
sudan,0.0,0.63069,0.18077,0.29759,0.10039,4.139,0.81928,2016
gabon,0.28098,1.15851,0.06244,0.3494,0.09314,4.121,0.72368,2016
mali,0.27544,0.31292,0.21064,0.16347,0.13647,4.073,0.86333,2016
haiti,0.12072,0.34097,0.47958,0.27494,0.14476,4.028,0.29561,2016
botswana,0.44089,1.09426,0.12425,0.34752,0.10769,3.974,0.89186,2016
comoros,0.15412,0.27509,0.1827,0.29981,0.18437,3.956,0.60323,2016
ivory coast,0.40663,0.55507,0.20338,0.04476,0.1553,3.916,0.57576,2016
cambodia,0.58852,0.55604,0.40339,0.42494,0.08092,3.907,0.5375,2016
angola,0.00589,0.84731,0.12071,0.04991,0.08434,3.866,0.66366,2016
niger,0.38041,0.1327,0.2097,0.26162,0.17176,3.856,0.6053,2016
south sudan,0.19662,0.39394,0.25899,0.15781,0.13015,3.832,0.18519,2016
chad,0.12807,0.42214,0.18667,0.03824,0.04952,3.763,0.63178,2016
burkina faso,0.3337,0.31995,0.24353,0.21297,0.12533,3.739,0.63054,2016
uganda,0.43653,0.34719,0.27102,0.19625,0.06442,3.739,0.90981,2016
yemen,0.2287,0.57939,0.09821,0.31048,0.05892,3.724,0.47493,2016
madagascar,0.13684,0.27954,0.2204,0.37109,0.07506,3.695,0.46115,2016
tanzania,0.3176,0.47155,0.31472,0.357,0.05099,3.666,0.77623,2016
liberia,0.25748,0.10706,0.24063,0.23165,0.04852,3.622,0.50353,2016
guinea,0.30953,0.22415,0.29914,0.18829,0.1192,3.607,0.3109,2016
rwanda,0.5432,0.32846,0.23552,0.31865,0.50521,3.515,0.61586,2016
benin,0.39747,0.39499,0.2018,0.21028,0.06681,3.484,0.10419,2016
afghanistan,0.1643,0.38227,0.31268,0.17344,0.07112,3.36,0.11037,2016
togo,0.34678,0.28123,0.17517,0.24811,0.11587,3.303,0.0,2016
syria,0.06912,0.74719,0.48397,0.62994,0.17233,3.069,0.14866,2016
burundi,0.0432,0.06831,0.2029,0.15747,0.09419,2.905,0.23442,2016
norway,0.635422587394714,1.61646318435669,0.36201223731041,0.796666502952576,0.315963834524155,7.53700017929077,1.53352355957031,2017
denmark,0.626006722450256,1.48238301277161,0.355280488729477,0.792565524578094,0.40077006816864,7.52199983596802,1.55112159252167,2017
iceland,0.627162635326385,1.480633020401,0.475540220737457,0.833552122116089,0.153526559472084,7.50400018692017,1.6105740070343,2017
switzerland,0.620070576667786,1.56497955322266,0.290549278259277,0.858131289482117,0.367007285356522,7.49399995803833,1.51691174507141,2017
finland,0.617950856685638,1.44357192516327,0.24548277258873,0.80915766954422,0.38261154294014,7.4689998626709,1.5402467250824,2017
netherlands,0.585384488105774,1.50394463539124,0.470489829778671,0.810696125030518,0.282661825418472,7.3769998550415,1.42893922328949,2017
canada,0.611100912094116,1.47920441627502,0.435539722442627,0.83455765247345,0.287371516227722,7.31599998474121,1.48134899139404,2017
new zealand,0.614062130451202,1.40570604801178,0.500005125999451,0.816759705543518,0.382816702127457,7.31400012969971,1.54819512367249,2017
sweden,0.612924098968506,1.49438726902008,0.385399252176285,0.830875158309937,0.384398728609085,7.28399991989136,1.47816216945648,2017
australia,0.601607382297516,1.484414935112,0.477699249982834,0.84388679265976,0.301183730363846,7.28399991989136,1.51004195213318,2017
israel,0.405988603830338,1.37538242340088,0.330082654953003,0.83840399980545,0.0852421000599861,7.21299982070923,1.37628996372223,2017
costa rica,0.580131649971008,1.10970628261566,0.214613229036331,0.759509265422821,0.100106589496136,7.0789999961853,1.41640365123749,2017
austria,0.567766189575195,1.48709726333618,0.316472321748734,0.815328419208527,0.221060365438461,7.00600004196167,1.4599449634552,2017
united states,0.505740523338318,1.54625928401947,0.392578780651093,0.77428662776947,0.135638788342476,6.99300003051758,1.41992056369781,2017
ireland,0.573110342025757,1.53570663928986,0.42785832285881,0.80978262424469,0.29838815331459,6.97700023651123,1.55823111534119,2017
germany,0.562511384487152,1.48792338371277,0.336269170045853,0.798950731754303,0.276731938123703,6.95100021362305,1.47252035140991,2017
belgium,0.539770722389221,1.46378076076508,0.231503337621689,0.818091869354248,0.251343131065369,6.89099979400635,1.46231269836426,2017
luxembourg,0.59662789106369,1.74194359779358,0.283180981874466,0.845089495182037,0.31883442401886,6.86299991607666,1.45758366584778,2017
united kingdom,0.508190035820007,1.44163393974304,0.492774158716202,0.805335938930511,0.265428066253662,6.71400022506714,1.49646008014679,2017
chile,0.376895278692245,1.25278460979462,0.326662421226501,0.819479703903198,0.0822879821062088,6.65199995040894,1.28402495384216,2017
united arab emirates,0.60834527015686,1.62634336948395,0.3609419465065,0.726798236370087,0.324489563703537,6.64799976348877,1.26641023159027,2017
brazil,0.437453746795654,1.10735321044922,0.16234989464283,0.616552352905273,0.111092761158943,6.63500022888184,1.43130600452423,2017
czech republic,0.490946173667908,1.35268235206604,0.0881067588925362,0.754444003105164,0.0368729270994663,6.60900020599365,1.43388521671295,2017
argentina,0.494519203901291,1.18529546260834,0.109457060694695,0.695137083530426,0.059739887714386,6.59899997711182,1.44045114517212,2017
mexico,0.412730008363724,1.15318381786346,0.120990432798862,0.709978997707367,0.132774114608765,6.57800006866455,1.210862159729,2017
singapore,0.549840569496155,1.69227766990662,0.345965981483459,0.949492394924164,0.46430778503418,6.57200002670288,1.35381436347961,2017
malta,0.588767051696777,1.34327983856201,0.574730575084686,0.821944236755371,0.153066068887711,6.52699995040894,1.48841166496277,2017
uruguay,0.57939225435257,1.21755969524384,0.175096929073334,0.719216823577881,0.178061872720718,6.4539999961853,1.41222786903381,2017
guatemala,0.531310617923737,0.872001945972443,0.283488392829895,0.540239989757538,0.0772232785820961,6.4539999961853,1.25558519363403,2017
panama,0.550026834011078,1.23374843597412,0.21055693924427,0.706156134605408,0.070983923971653,6.4520001411438,1.37319254875183,2017
france,0.470222115516663,1.43092346191406,0.129762306809425,0.844465851783752,0.172502428293228,6.44199991226196,1.38777685165405,2017
thailand,0.580200731754303,1.12786877155304,0.572123110294342,0.647239029407501,0.0316127352416515,6.42399978637695,1.42579245567322,2017
taiwan,0.361466586589813,1.43362653255463,0.258360475301743,0.793984234333038,0.0638292357325554,6.42199993133545,1.38456535339355,2017
spain,0.408781230449677,1.38439786434174,0.190133571624756,0.888960599899292,0.0709140971302986,6.40299987792969,1.53209090232849,2017
qatar,0.604130983352661,1.87076568603516,0.330473870038986,0.710098087787628,0.439299255609512,6.375,1.27429687976837,2017
colombia,0.477487415075302,1.07062232494354,0.149014472961426,0.595027923583984,0.0466687418520451,6.35699987411499,1.4021829366684,2017
saudi arabia,0.449750572443008,1.53062355518341,0.147616013884544,0.590148329734802,0.27343225479126,6.3439998626709,1.28667759895325,2017
trinidad & tobago,0.518630743026733,1.36135590076447,0.325296461582184,0.519983291625977,0.0089648161083459,6.16800022125244,1.3802285194397,2017
kuwait,0.496337592601776,1.63295245170593,0.228289797902107,0.632105708122253,0.215159550309181,6.10500001907349,1.25969874858856,2017
slovakia,0.295817464590073,1.32539355754852,0.136544480919838,0.712732911109924,0.0242108516395092,6.09800004959106,1.50505924224854,2017
bahrain,0.536746919155121,1.48841226100922,0.172668486833572,0.653133034706116,0.257042169570923,6.08699989318848,1.32311046123505,2017
malaysia,0.402264982461929,1.29121541976929,0.416608929634094,0.618784427642822,0.0656007081270218,6.08400011062622,1.28464603424072,2017
nicaragua,0.447551846504211,0.737299203872681,0.301674216985703,0.653095960617065,0.130687981843948,6.07100009918213,1.28721570968628,2017
ecuador,0.4551981985569,1.00082039833069,0.150112465023994,0.685636222362518,0.140134647488594,6.00799989700317,1.28616881370544,2017
el salvador,0.432452529668808,0.909784495830536,0.0782579854130745,0.596018552780151,0.0899809598922729,6.00299978256226,1.18212509155273,2017
poland,0.520342111587524,1.29178786277771,0.158465966582298,0.699475347995758,0.0593078061938286,5.97300004959106,1.44571197032928,2017
uzbekistan,0.658248662948608,0.786441087722778,0.415983647108078,0.498272627592087,0.246528223156929,5.97100019454956,1.54896914958954,2017
italy,0.256450712680817,1.39506661891937,0.17278964817524,0.853144347667694,0.0280280914157629,5.96400022506714,1.44492328166962,2017
russia,0.373783111572266,1.28177809715271,0.0522638224065304,0.547349333763123,0.0329628810286522,5.96299982070923,1.46928238868713,2017
belize,0.547509372234344,0.907975316047668,0.240015640854836,0.450191766023636,0.0965810716152191,5.95599985122681,1.08141779899597,2017
japan,0.505625545978546,1.41691517829895,0.12057276815176,0.913475871086121,0.163760736584663,5.92000007629395,1.43633782863617,2017
lithuania,0.234231784939766,1.31458234786987,0.010164656676352,0.62894994020462,0.0118656428530812,5.90199995040894,1.47351610660553,2017
algeria,0.233335807919502,1.09186446666718,0.0694366469979286,0.617584645748138,0.146096110343933,5.87200021743774,1.1462174654007,2017
latvia,0.325707912445068,1.26074862480164,0.153074786067009,0.638566970825195,0.0738427266478539,5.84999990463257,1.40471494197845,2017
south korea,0.257921665906906,1.40167844295502,0.206674367189407,0.900214076042175,0.0632826685905457,5.83799982070923,1.12827444076538,2017
moldova,0.240729048848152,0.728870630264282,0.208779126405716,0.589465200901031,0.0100912861526012,5.83799982070923,1.25182557106018,2017
romania,0.457003742456436,1.21768391132355,0.133519917726517,0.685158312320709,0.00438790069893,5.82499980926514,1.15009129047394,2017
bolivia,0.558732926845551,0.833756566047668,0.22556072473526,0.473630249500275,0.0604777261614799,5.82299995422363,1.22761905193329,2017
turkmenistan,0.41827192902565,1.13077676296234,0.24992498755455,0.437726080417633,0.259270340204239,5.82200002670288,1.49314916133881,2017
kazakhstan,0.437454283237457,1.28455626964569,0.201964423060417,0.606041550636292,0.119282886385918,5.81899976730347,1.38436901569366,2017
northern cyprus,0.471203625202179,1.3469113111496,0.266845703125,0.834647238254547,0.155353352427483,5.80999994277954,1.18630337715149,2017
slovenia,0.572575807571411,1.3412059545517,0.242649093270302,0.790828227996826,0.0451289787888527,5.75799989700317,1.45251882076263,2017
peru,0.450002878904343,1.03522527217865,0.126819714903831,0.630166113376617,0.0470490865409374,5.71500015258789,1.21877038478851,2017
mauritius,0.491247326135635,1.18939554691315,0.360933750867844,0.638007462024689,0.0421815551817417,5.62900018692017,1.20956099033356,2017
cyprus,0.355111539363861,1.35593807697296,0.271254301071167,0.84471470117569,0.0412379764020443,5.62099981307983,1.13136327266693,2017
estonia,0.479131430387497,1.32087934017181,0.0988908112049103,0.695168316364288,0.183248922228813,5.61100006103516,1.47667109966278,2017
belarus,0.295400261878967,1.15655755996704,0.15513750910759,0.637714266777039,0.156313821673393,5.56899976730347,1.44494521617889,2017
libya,0.465733230113983,1.10180306434631,0.152073666453362,0.520169019699097,0.0926102101802826,5.52500009536743,1.35756433010101,2017
turkey,0.300740599632263,1.19827437400818,0.0466930419206619,0.637605607509613,0.0996715798974037,5.5,1.33775317668915,2017
paraguay,0.473507791757584,0.932537317276001,0.224150657653809,0.579250693321228,0.091065913438797,5.49300003051758,1.50728487968445,2017
hong kong,0.490968644618988,1.55167484283447,0.374465793371201,0.943062424659729,0.293933749198914,5.47200012207031,1.26279091835022,2017
philippines,0.585214674472809,0.85769921541214,0.193513423204422,0.468009054660797,0.0993318930268288,5.42999982833862,1.25391757488251,2017
serbia,0.208715528249741,1.06931757926941,0.220125883817673,0.65078467130661,0.0409037806093693,5.39499998092651,1.25818979740143,2017
jordan,0.418421149253845,0.991012394428253,0.172170460224152,0.604590058326721,0.11980327218771,5.33599996566772,1.23908889293671,2017
hungary,0.175863519310951,1.2860119342804,0.0784016624093056,0.687763452529907,0.0366369374096394,5.32399988174438,1.34313309192657,2017
jamaica,0.474307239055634,0.925579309463501,0.233818337321281,0.641022384166718,0.0552677810192108,5.31099987030029,1.36821806430817,2017
croatia,0.255772292613983,1.22255623340607,0.248002976179123,0.701288521289825,0.0431031100451946,5.29300022125244,0.96798300743103,2017
kosovo,0.260287940502167,0.951484382152557,0.319931447505951,0.541452050209045,0.0574716180562973,5.27899980545044,1.13785350322723,2017
china,0.472787708044052,1.08116579055786,0.0288068410009146,0.741415500640869,0.0227942746132612,5.27299976348877,1.16083741188049,2017
pakistan,0.23521526157856,0.72688353061676,0.315446019172668,0.402047783136368,0.124348066747189,5.26900005340576,0.672690689563751,2017
indonesia,0.443323463201523,0.995538592338562,0.611704587936401,0.492345720529556,0.0153171354904771,5.26200008392334,1.27444469928741,2017
venezuela,0.153997123241425,1.12843120098114,0.0650196298956871,0.617144227027893,0.0644911229610443,5.25,1.43133759498596,2017
montenegro,0.194989055395126,1.12112903594971,0.197911024093628,0.667464673519135,0.0881741940975189,5.23699998855591,1.23837649822235,2017
morocco,0.408158332109451,0.878114581108093,0.0322099551558495,0.59771066904068,0.0877631828188896,5.2350001335144,0.774864435195923,2017
azerbaijan,0.398155838251114,1.15360176563263,0.0452693402767181,0.540775775909424,0.180987507104874,5.23400020599365,1.15240025520325,2017
dominican republic,0.55258983373642,1.07937383651733,0.186967849731445,0.574873745441437,0.113945253193378,5.23000001907349,1.40241670608521,2017
greece,0.0957312509417534,1.28948748111725,0.0,0.810198903083801,0.04328977689147,5.22700023651123,1.23941457271576,2017
lebanon,0.288515985012054,1.07498753070831,0.264450758695602,0.735081076622009,0.037513829767704,5.22499990463257,1.12962424755096,2017
portugal,0.498465299606323,1.3151752948761,0.0951027125120163,0.795843541622162,0.0158694516867399,5.19500017166138,1.36704301834106,2017
bosnia and herzegovina,0.204403176903725,0.982409417629242,0.328867495059967,0.705186307430267,0.0,5.18200016021729,1.0693359375,2017
honduras,0.348079860210419,0.730573117733002,0.236188873648643,0.582569479942322,0.0733454525470734,5.18100023269653,1.14394497871399,2017
macedonia,0.325905978679657,1.06457793712616,0.25376096367836,0.644948184490204,0.0602777935564518,5.17500019073486,1.20789301395416,2017
somalia,0.602126955986023,0.0226431842893362,0.291631311178207,0.113989137113094,0.282410323619843,5.15100002288818,0.721151351928711,2017
vietnam,0.571055591106415,0.788547575473785,0.234968051314354,0.652168989181519,0.0876332372426987,5.07399988174438,1.27749133110046,2017
nigeria,0.394952565431595,0.783756256103516,0.230947196483612,0.0569157302379608,0.0261215660721064,5.07399988174438,1.21577048301697,2017
tajikistan,0.471566706895828,0.524713635444641,0.248997643589973,0.529235124588013,0.146377146244049,5.04099988937378,1.27146327495575,2017
bhutan,0.501537680625916,0.885416388511658,0.474054545164108,0.495879292488098,0.173380389809608,5.01100015640259,1.34012651443481,2017
kyrgyzstan,0.454943388700485,0.596220076084137,0.42858037352562,0.553457796573639,0.0394391790032387,5.00400018692017,1.39423859119415,2017
nepal,0.440305948257446,0.479820191860199,0.394096165895462,0.504130780696869,0.0729755461215973,4.96199989318848,1.17928326129913,2017
mongolia,0.394143968820572,1.02723586559296,0.338464230298996,0.557783484458923,0.0329022891819477,4.95499992370605,1.4930112361908,2017
south africa,0.479246735572815,1.05469870567322,0.139362379908562,0.187080070376396,0.0725094974040985,4.8289999961853,1.38478863239288,2017
tunisia,0.289680689573288,1.00726580619812,0.0496933571994305,0.613212049007416,0.0867231488227844,4.80499982833862,0.868351459503174,2017
palestinian territories,0.25471106171608,0.716249227523804,0.114173173904419,0.565666973590851,0.0892826020717621,4.77500009536743,1.15564715862274,2017
egypt,0.282110154628754,0.989701807498932,0.128631442785263,0.520187258720398,0.114381365478039,4.7350001335144,0.997471392154694,2017
bulgaria,0.289231717586517,1.1614590883255,0.113177694380283,0.708217680454254,0.0110515309497714,4.71400022506714,1.43437945842743,2017
sierra leone,0.318697690963745,0.36842092871666,0.293040901422501,0.0055647538974881,0.0710951760411263,4.70900011062622,0.984136044979095,2017
cameroon,0.430388748645782,0.564305365085602,0.236298456788063,0.132892116904259,0.0513066314160824,4.69500017166138,0.946018218994141,2017
iran,0.249322608113289,1.15687310695648,0.387242913246155,0.639333188533783,0.048761073499918,4.69199991226196,0.711551249027252,2017
albania,0.381498634815216,0.996192753314972,0.201312944293022,0.731159746646881,0.0398642159998417,4.64400005340576,0.803685247898102,2017
bangladesh,0.478356659412384,0.586682975292206,0.172255352139473,0.533241033554077,0.123717859387398,4.60799980163574,0.735131740570068,2017
namibia,0.520303547382355,0.964434325695038,0.0771337449550629,0.33861181139946,0.0931469723582268,4.57399988174438,1.0984708070755,2017
kenya,0.452763766050339,0.560479462146759,0.444860309362411,0.309988349676132,0.0646413192152977,4.55299997329712,1.06795072555542,2017
mozambique,0.480791091918945,0.234305649995804,0.322228103876114,0.106654435396194,0.179436385631561,4.55000019073486,0.870701014995575,2017
myanmar,0.514492034912109,0.367110550403595,0.838075160980225,0.397522568702698,0.188816204667091,4.54500007629395,1.12323594093323,2017
senegal,0.377922266721725,0.479309022426605,0.183468893170357,0.409362852573395,0.115460447967052,4.53499984741211,1.17969191074371,2017
zambia,0.461603492498398,0.636406779289246,0.249580144882202,0.257835894823074,0.0782135501503944,4.51399993896484,1.00318729877472,2017
iraq,0.288555532693863,1.10271048545837,0.19963726401329,0.501180469989777,0.107215754687786,4.49700021743774,0.978613197803497,2017
gabon,0.312328577041626,1.1982102394104,0.0437853783369064,0.356578588485718,0.0760467872023582,4.46500015258789,1.1556202173233,2017
ethiopia,0.408842742443085,0.339233845472336,0.312650740146637,0.353409707546234,0.165455713868141,4.46000003814697,0.86466920375824,2017
sri lanka,0.561213254928589,1.00985014438629,0.490863561630249,0.625130832195282,0.0736539661884308,4.44000005722046,1.25997638702393,2017
armenia,0.198303267359734,0.900596737861633,0.0834880918264389,0.637524425983429,0.0266744215041399,4.37599992752075,1.00748372077942,2017
india,0.469987004995346,0.792221248149872,0.231538489460945,0.455427616834641,0.0922268852591515,4.31500005722046,0.754372596740723,2017
mauritania,0.0960980430245399,0.648457288742065,0.201870024204254,0.285349279642105,0.136957004666328,4.29199981689453,1.2720308303833,2017
congo (brazzaville),0.435025870800018,0.808964252471924,0.120852127671242,0.28995743393898,0.0796181336045265,4.29099988937378,0.832044363021851,2017
georgia,0.309410035610199,0.950612664222717,0.0540088154375553,0.649546980857849,0.251666635274887,4.28599977493286,0.57061493396759,2017
congo (kinshasa),0.235961347818375,0.0921023488044739,0.246455833315849,0.191407024860382,0.0602413564920425,4.28000020980835,1.22902345657349,2017
mali,0.306613743305206,0.476180493831635,0.183354198932648,0.169365674257278,0.104970246553421,4.19000005722046,1.28147339820862,2017
ivory coast,0.447706192731857,0.603048920631409,0.201237469911575,0.0486421696841717,0.130061775445938,4.17999982833862,0.904780030250549,2017
cambodia,0.633375823497772,0.601765096187592,0.385922968387604,0.429783403873444,0.0681059509515762,4.16800022125244,1.00623834133148,2017
sudan,0.0149958552792668,0.65951669216156,0.182317450642586,0.290920823812485,0.089847519993782,4.13899993896484,1.21400856971741,2017
ghana,0.423026293516159,0.667224824428558,0.256923943758011,0.295637726783752,0.0253363698720932,4.11999988555908,0.873664736747742,2017
ukraine,0.122974775731564,0.89465194940567,0.270061463117599,0.575903952121735,0.0230294708162546,4.09600019454956,1.39453756809235,2017
uganda,0.443185955286026,0.381430715322495,0.325766056776047,0.217632606625557,0.057069718837738,4.08099985122681,1.12982773780823,2017
burkina faso,0.324367851018906,0.3502277135849,0.250864684581757,0.215844258666039,0.120328105986118,4.03200006484985,1.04328000545502,2017
niger,0.36365869641304,0.161925330758095,0.228673845529556,0.26850500702858,0.138572946190834,4.02799987792969,0.993025004863739,2017
malawi,0.466914653778076,0.233442038297653,0.287170469760895,0.315089583396912,0.0727116540074348,3.97000002861023,0.512568831443787,2017
chad,0.16234202682972,0.438012987375259,0.216113850474358,0.0411347150802612,0.0535818822681904,3.93600010871887,0.953855872154236,2017
zimbabwe,0.336384207010269,0.375846534967422,0.189143493771553,0.196763753890991,0.0953753814101219,3.875,1.08309590816498,2017
lesotho,0.390661299228668,0.521021246910095,0.157497271895409,0.0,0.119094640016556,3.80800008773804,1.19009518623352,2017
angola,0.0,0.858428180217743,0.097926490008831,0.0498686656355858,0.0697203353047371,3.79500007629395,1.10441195964813,2017
afghanistan,0.106179520487785,0.401477217674255,0.311870932579041,0.180746778845787,0.0611578300595284,3.79399991035461,0.581543326377869,2017
botswana,0.505196332931519,1.12209415435791,0.0993484482169151,0.341755509376526,0.0985831990838051,3.76600003242493,1.22155499458313,2017
benin,0.425962775945663,0.431085407733917,0.207948461174965,0.209930211305618,0.0609290152788162,3.65700006484985,0.435299843549728,2017
madagascar,0.189196765422821,0.305808693170547,0.208732530474663,0.375223308801651,0.0672319754958153,3.64400005340576,0.913020372390747,2017
haiti,0.0303698573261499,0.368610262870789,0.489203780889511,0.277321130037308,0.0998721495270729,3.6029999256134,0.640449821949005,2017
yemen,0.249463722109795,0.591683447360992,0.104125209152699,0.310080915689468,0.0567674227058887,3.59299993515015,0.93538224697113,2017
south sudan,0.147062435746193,0.39724862575531,0.285670816898346,0.163486003875732,0.116793513298035,3.59100008010864,0.601323127746582,2017
liberia,0.332881182432175,0.119041793048382,0.26654988527298,0.229918196797371,0.0389482490718365,3.53299999237061,0.872117936611176,2017
guinea,0.348587512969971,0.244549930095673,0.264815092086792,0.194129139184952,0.110937617719173,3.50699996948242,0.791244685649872,2017
togo,0.38042613863945,0.305444717407227,0.196896150708199,0.247105568647385,0.0956650152802467,3.49499988555908,0.431882530450821,2017
rwanda,0.581843852996826,0.368745893239975,0.252756029367447,0.326424807310104,0.455220013856888,3.47099995613098,0.945707023143768,2017
syria,0.0815394446253777,0.777153134346008,0.493663728237152,0.50053334236145,0.151347130537033,3.46199989318848,0.396102607250214,2017
tanzania,0.390017777681351,0.511135876178741,0.354256361722946,0.364509284496307,0.0660351067781448,3.34899997711182,1.04198980331421,2017
burundi,0.0599007532000542,0.091622568666935,0.204435184597969,0.151610791683197,0.0841479450464249,2.90499997138977,0.629793584346771,2017
central african republic,0.270842045545578,0.0,0.280876487493515,0.0187726859003305,0.0565650761127472,2.69300007820129,0.0,2017
finland,0.681,1.305,0.202,0.874,0.393,7.632,1.592,2018
norway,0.686,1.456,0.286,0.861,0.34,7.594,1.582,2018
denmark,0.683,1.351,0.284,0.868,0.408,7.555,1.59,2018
iceland,0.677,1.343,0.353,0.914,0.138,7.495,1.644,2018
switzerland,0.66,1.42,0.256,0.927,0.357,7.487,1.549,2018
netherlands,0.638,1.361,0.333,0.878,0.295,7.441,1.488,2018
canada,0.653,1.33,0.321,0.896,0.291,7.328,1.532,2018
new zealand,0.669,1.268,0.365,0.876,0.389,7.324,1.601,2018
sweden,0.659,1.355,0.285,0.913,0.383,7.314,1.501,2018
australia,0.647,1.34,0.361,0.91,0.302,7.272,1.573,2018
united kingdom,0.464,1.244,0.262,0.888,0.082,7.19,1.433,2018
austria,0.617,1.341,0.242,0.891,0.224,7.139,1.504,2018
costa rica,0.632,1.01,0.143,0.817,0.101,7.072,1.459,2018
ireland,0.614,1.448,0.307,0.876,0.306,6.977,1.583,2018
germany,0.586,1.34,0.273,0.861,0.28,6.965,1.474,2018
belgium,0.583,1.324,0.188,0.894,0.24,6.927,1.483,2018
luxembourg,0.632,1.576,0.196,0.896,0.321,6.91,1.52,2018
united states,0.547,1.398,0.291,0.819,0.133,6.886,1.471,2018
israel,0.533,1.301,0.354,0.883,0.272,6.814,1.559,2018
united arab emirates,0.284,2.096,0.186,0.67,0.15300000000000002,6.774,0.776,2018
czech republic,0.543,1.233,0.064,0.854,0.034,6.711,1.489,2018
malta,0.645,1.27,0.376,0.884,0.142,6.627,1.525,2018
france,0.52,1.293,0.098,0.908,0.176,6.489,1.466,2018
mexico,0.479,1.038,0.069,0.761,0.095,6.488,1.252,2018
chile,0.431,1.131,0.197,0.808,0.061,6.476,1.331,2018
taiwan,0.418,1.365,0.151,0.857,0.078,6.441,1.436,2018
panama,0.597,1.112,0.125,0.759,0.063,6.43,1.438,2018
brazil,0.493,0.986,0.11,0.675,0.088,6.419,1.474,2018
argentina,0.57,1.073,0.062,0.744,0.054,6.388,1.468,2018
guatemala,0.604,0.781,0.179,0.608,0.071,6.382,1.268,2018
uruguay,0.625,1.093,0.13,0.771,0.155,6.379,1.459,2018
qatar,0.654,1.649,0.256,0.748,0.171,6.374,1.303,2018
saudi arabia,0.509,1.379,0.098,0.633,0.127,6.371,1.331,2018
singapore,0.631,1.529,0.261,1.008,0.457,6.343,1.451,2018
malaysia,0.356,1.161,0.311,0.669,0.059,6.322,1.258,2018
spain,0.449,1.251,0.142,0.965,0.074,6.31,1.538,2018
colombia,0.531,0.96,0.099,0.635,0.039,6.26,1.439,2018
trinidad & tobago,0.575,1.223,0.171,0.564,0.019,6.192,1.492,2018
slovakia,0.354,1.21,0.118,0.776,0.014,6.173,1.537,2018
el salvador,0.461,0.806,0.065,0.639,0.082,6.167,1.231,2018
nicaragua,0.527,0.668,0.208,0.7,0.128,6.141,1.319,2018
poland,0.546,1.176,0.108,0.781,0.064,6.123,1.448,2018
bahrain,0.594,1.338,0.243,0.698,0.123,6.105,1.366,2018
uzbekistan,0.724,0.719,0.328,0.605,0.259,6.096,1.584,2018
kuwait,0.554,1.474,0.167,0.675,0.106,6.083,1.301,2018
thailand,0.637,1.016,0.364,0.707,0.029,6.072,1.417,2018
italy,0.281,1.264,0.137,0.946,0.028,6.0,1.501,2018
ecuador,0.556,0.889,0.114,0.736,0.12,5.973,1.33,2018
belize,0.593,0.807,0.183,0.474,0.089,5.956,1.101,2018
lithuania,0.35,1.197,0.026,0.716,0.006,5.952,1.527,2018
slovenia,0.633,1.219,0.16,0.856,0.051,5.948,1.506,2018
romania,0.528,1.116,0.088,0.726,0.001,5.945,1.219,2018
latvia,0.363,1.148,0.092,0.671,0.066,5.933,1.454,2018
japan,0.553,1.294,0.079,0.988,0.15,5.915,1.462,2018
mauritius,0.584,1.09,0.245,0.684,0.05,5.891,1.387,2018
jamaica,0.575,0.819,0.096,0.693,0.031,5.89,1.493,2018
south korea,0.244,1.266,0.175,0.955,0.051,5.875,1.204,2018
northern cyprus,0.495,1.229,0.179,0.909,0.154,5.835,1.211,2018
russia,0.399,1.151,0.065,0.599,0.025,5.81,1.479,2018
kazakhstan,0.454,1.143,0.148,0.631,0.121,5.79,1.516,2018
cyprus,0.423,1.229,0.202,0.909,0.035,5.762,1.191,2018
bolivia,0.606,0.751,0.141,0.508,0.054,5.752,1.223,2018
estonia,0.553,1.2,0.086,0.737,0.174,5.739,1.532,2018
paraguay,0.541,0.835,0.162,0.615,0.074,5.681,1.522,2018
peru,0.53,0.934,0.092,0.674,0.034,5.663,1.249,2018
kosovo,0.448,0.855,0.274,0.578,0.023,5.662,1.23,2018
moldova,0.232,0.657,0.171,0.62,0.0,5.64,1.301,2018
turkmenistan,0.417,1.016,0.199,0.517,0.037,5.636,1.533,2018
hungary,0.259,1.171,0.061,0.732,0.022,5.62,1.401,2018
libya,0.496,0.985,0.116,0.553,0.148,5.566,1.35,2018
philippines,0.643,0.775,0.12,0.513,0.105,5.524,1.312,2018
honduras,0.459,0.62,0.197,0.622,0.074,5.504,1.205,2018
belarus,0.307,1.039,0.101,0.7,0.154,5.483,1.498,2018
turkey,0.324,1.148,0.106,0.686,0.109,5.483,1.38,2018
pakistan,0.334,0.652,0.216,0.424,0.113,5.472,0.81,2018
hong kong,0.524,1.405,0.246,1.03,0.291,5.43,1.29,2018
portugal,0.562,1.188,0.055,0.884,0.017,5.41,1.429,2018
serbia,0.288,0.975,0.134,0.685,0.043,5.398,1.369,2018
greece,0.131,1.154,0.0,0.879,0.044,5.358,1.202,2018
lebanon,0.503,0.965,0.214,0.785,0.136,5.358,1.179,2018
montenegro,0.259,1.017,0.111,0.729,0.081,5.347,1.279,2018
croatia,0.38,1.115,0.12,0.737,0.039,5.321,1.161,2018
dominican republic,0.578,0.982,0.12,0.614,0.106,5.302,1.441,2018
algeria,0.077,0.979,0.055,0.687,0.135,5.295,1.154,2018
morocco,0.46,0.779,0.026,0.669,0.074,5.254,0.797,2018
china,0.597,0.989,0.029,0.799,0.103,5.246,1.142,2018
azerbaijan,0.43,1.024,0.031,0.603,0.176,5.201,1.161,2018
tajikistan,0.292,0.474,0.187,0.598,0.034,5.199,1.166,2018
macedonia,0.394,0.959,0.173,0.691,0.052,5.185,1.239,2018
jordan,0.468,0.822,0.13,0.645,0.134,5.161,1.265,2018
nigeria,0.462,0.689,0.201,0.048,0.032,5.155,1.172,2018
kyrgyzstan,0.54,0.53,0.281,0.594,0.035,5.131,1.416,2018
bosnia and herzegovina,0.28,0.915,0.216,0.758,0.0,5.129,1.078,2018
mongolia,0.395,0.914,0.253,0.575,0.032,5.125,1.517,2018
vietnam,0.618,0.715,0.177,0.702,0.079,5.103,1.365,2018
indonesia,0.538,0.899,0.484,0.522,0.018,5.093,1.215,2018
bhutan,0.541,0.796,0.364,0.527,0.171,5.082,1.335,2018
somalia,0.674,0.0,0.238,0.115,0.282,4.982,0.712,2018
cameroon,0.454,0.535,0.183,0.182,0.043,4.975,0.891,2018
bulgaria,0.359,1.054,0.064,0.712,0.009,4.933,1.515,2018
nepal,0.526,0.425,0.302,0.539,0.078,4.88,1.228,2018
venezuela,0.133,0.996,0.056,0.657,0.052,4.806,1.469,2018
gabon,0.356,1.036,0.032,0.404,0.052,4.758,1.164,2018
palestinian territories,0.266,0.642,0.086,0.602,0.076,4.743,1.217,2018
south africa,0.516,0.94,0.103,0.33,0.056,4.724,1.41,2018
iran,0.459,1.059,0.282,0.691,0.129,4.707,0.771,2018
ivory coast,0.467,0.541,0.146,0.08,0.103,4.671,0.872,2018
ghana,0.499,0.592,0.212,0.337,0.029,4.657,0.896,2018
senegal,0.406,0.429,0.138,0.433,0.082,4.631,1.117,2018
laos,0.626,0.72,0.23,0.441,0.174,4.623,1.034,2018
tunisia,0.271,0.9,0.04,0.69,0.063,4.592,0.906,2018
albania,0.419,0.916,0.149,0.79,0.032,4.586,0.817,2018
sierra leone,0.355,0.256,0.238,0.0,0.053,4.571,0.813,2018
congo (brazzaville),0.514,0.682,0.091,0.343,0.077,4.559,0.811,2018
bangladesh,0.58,0.532,0.153,0.579,0.144,4.5,0.85,2018
sri lanka,0.585,0.918,0.307,0.672,0.05,4.471,1.314,2018
iraq,0.304,1.01,0.148,0.536,0.095,4.456,0.971,2018
mali,0.367,0.37,0.139,0.152,0.056,4.447,1.233,2018
namibia,0.519,0.874,0.051,0.365,0.064,4.441,1.281,2018
cambodia,0.696,0.549,0.256,0.457,0.065,4.433,1.088,2018
burkina faso,0.312,0.314,0.175,0.254,0.128,4.424,1.097,2018
egypt,0.312,0.885,0.092,0.553,0.107,4.419,1.025,2018
mozambique,0.531,0.198,0.206,0.173,0.158,4.417,0.902,2018
kenya,0.504,0.493,0.352,0.454,0.055,4.41,1.048,2018
zambia,0.503,0.562,0.221,0.295,0.082,4.377,1.047,2018
mauritania,0.129,0.557,0.134,0.292,0.093,4.356,1.245,2018
ethiopia,0.452,0.308,0.22,0.391,0.146,4.35,0.95,2018
georgia,0.375,0.853,0.038,0.643,0.215,4.34,0.592,2018
armenia,0.26,0.816,0.077,0.666,0.028,4.321,0.99,2018
myanmar,0.58,0.682,0.598,0.429,0.178,4.308,1.174,2018
chad,0.189,0.358,0.181,0.053,0.06,4.301,0.907,2018
congo (kinshasa),0.312,0.069,0.197,0.204,0.052,4.245,1.136,2018
india,0.539,0.721,0.172,0.485,0.093,4.19,0.747,2018
niger,0.39,0.131,0.175,0.221,0.099,4.166,0.867,2018
uganda,0.45,0.322,0.259,0.237,0.061,4.161,1.09,2018
benin,0.44,0.378,0.163,0.24,0.067,4.141,0.372,2018
sudan,0.016,0.605,0.134,0.312,0.082,4.139,1.24,2018
ukraine,0.163,0.793,0.187,0.609,0.011,4.103,1.413,2018
togo,0.434,0.259,0.158,0.253,0.101,3.999,0.474,2018
guinea,0.394,0.344,0.185,0.211,0.094,3.964,0.792,2018
lesotho,0.423,0.472,0.116,0.079,0.112,3.808,1.215,2018
angola,0.0,0.73,0.079,0.269,0.061,3.795,1.125,2018
madagascar,0.221,0.262,0.155,0.402,0.049,3.774,0.908,2018
zimbabwe,0.406,0.357,0.132,0.248,0.099,3.692,1.094,2018
afghanistan,0.085,0.332,0.191,0.255,0.036,3.632,0.537,2018
botswana,0.557,1.017,0.042,0.417,0.092,3.59,1.174,2018
malawi,0.531,0.186,0.21,0.306,0.08,3.587,0.541,2018
haiti,0.025,0.315,0.392,0.289,0.104,3.582,0.714,2018
liberia,0.419,0.076,0.206,0.267,0.03,3.495,0.858,2018
syria,0.088,0.689,0.376,0.539,0.144,3.462,0.382,2018
rwanda,0.636,0.332,0.2,0.4,0.444,3.408,0.896,2018
yemen,0.244,0.442,0.083,0.343,0.064,3.355,1.073,2018
tanzania,0.481,0.455,0.27,0.381,0.097,3.303,0.991,2018
south sudan,0.112,0.337,0.224,0.177,0.106,3.254,0.608,2018
central african republic,0.305,0.024,0.218,0.01,0.038,3.083,0.0,2018
burundi,0.065,0.091,0.149,0.145,0.076,2.905,0.627,2018
finland,0.596,1.34,0.153,0.986,0.393,7.769,1.587,2019
denmark,0.592,1.383,0.252,0.996,0.41,7.6,1.573,2019
norway,0.603,1.488,0.271,1.028,0.341,7.554,1.582,2019
iceland,0.591,1.38,0.354,1.026,0.118,7.494,1.624,2019
netherlands,0.557,1.396,0.322,0.999,0.298,7.488,1.522,2019
switzerland,0.572,1.452,0.263,1.052,0.343,7.48,1.526,2019
sweden,0.574,1.387,0.267,1.009,0.373,7.343,1.487,2019
new zealand,0.585,1.303,0.33,1.026,0.38,7.307,1.557,2019
canada,0.584,1.365,0.285,1.039,0.308,7.278,1.505,2019
austria,0.532,1.376,0.244,1.016,0.226,7.246,1.475,2019
australia,0.557,1.372,0.332,1.036,0.29,7.228,1.548,2019
costa rica,0.558,1.034,0.144,0.963,0.093,7.167,1.441,2019
israel,0.371,1.276,0.261,1.029,0.082,7.139,1.455,2019
luxembourg,0.526,1.609,0.194,1.012,0.316,7.09,1.479,2019
united kingdom,0.45,1.333,0.348,0.996,0.278,7.054,1.538,2019
ireland,0.516,1.499,0.298,0.999,0.31,7.021,1.553,2019
germany,0.495,1.373,0.261,0.987,0.265,6.985,1.454,2019
belgium,0.473,1.356,0.16,0.986,0.21,6.923,1.504,2019
united states,0.454,1.433,0.28,0.874,0.128,6.892,1.457,2019
czech republic,0.457,1.269,0.046,0.92,0.036,6.852,1.487,2019
united arab emirates,0.598,1.503,0.262,0.825,0.182,6.825,1.31,2019
malta,0.564,1.3,0.375,0.999,0.151,6.726,1.52,2019
mexico,0.433,1.07,0.074,0.861,0.073,6.595,1.323,2019
france,0.436,1.324,0.111,1.045,0.183,6.592,1.472,2019
taiwan,0.351,1.368,0.242,0.914,0.097,6.446,1.43,2019
chile,0.357,1.159,0.187,0.92,0.056,6.444,1.369,2019
guatemala,0.535,0.8,0.175,0.746,0.078,6.436,1.269,2019
saudi arabia,0.439,1.403,0.08,0.795,0.132,6.375,1.357,2019
qatar,0.555,1.684,0.22,0.871,0.167,6.374,1.313,2019
spain,0.362,1.286,0.153,1.062,0.079,6.354,1.484,2019
panama,0.516,1.149,0.109,0.91,0.054,6.321,1.442,2019
brazil,0.39,1.004,0.099,0.802,0.086,6.3,1.439,2019
uruguay,0.523,1.124,0.127,0.891,0.15,6.293,1.465,2019
singapore,0.556,1.572,0.271,1.141,0.453,6.262,1.463,2019
el salvador,0.43,0.794,0.093,0.789,0.074,6.253,1.242,2019
italy,0.231,1.294,0.158,1.039,0.03,6.223,1.488,2019
bahrain,0.536,1.362,0.255,0.871,0.11,6.199,1.368,2019
slovakia,0.334,1.246,0.121,0.881,0.014,6.198,1.504,2019
trinidad & tobago,0.489,1.231,0.185,0.713,0.016,6.192,1.477,2019
poland,0.483,1.206,0.117,0.884,0.05,6.182,1.438,2019
uzbekistan,0.631,0.745,0.322,0.756,0.24,6.174,1.529,2019
lithuania,0.291,1.238,0.043,0.818,0.042,6.149,1.515,2019
colombia,0.47,0.985,0.099,0.841,0.034,6.125,1.41,2019
slovenia,0.564,1.258,0.144,0.953,0.057,6.118,1.523,2019
nicaragua,0.435,0.694,0.2,0.835,0.127,6.105,1.325,2019
kosovo,0.489,0.882,0.262,0.758,0.006,6.1,1.232,2019
argentina,0.471,1.092,0.066,0.881,0.05,6.086,1.432,2019
romania,0.462,1.162,0.083,0.825,0.005,6.07,1.232,2019
cyprus,0.406,1.263,0.19,1.042,0.041,6.046,1.223,2019
ecuador,0.498,0.912,0.126,0.868,0.087,6.028,1.312,2019
kuwait,0.493,1.5,0.142,0.808,0.097,6.021,1.319,2019
thailand,0.557,1.05,0.359,0.828,0.028,6.008,1.409,2019
latvia,0.264,1.187,0.075,0.812,0.064,5.94,1.465,2019
south korea,0.159,1.301,0.175,1.036,0.056,5.895,1.219,2019
estonia,0.495,1.237,0.103,0.874,0.161,5.893,1.528,2019
jamaica,0.49,0.831,0.107,0.831,0.028,5.89,1.478,2019
mauritius,0.498,1.12,0.215,0.798,0.06,5.888,1.402,2019
japan,0.445,1.327,0.069,1.088,0.14,5.886,1.419,2019
honduras,0.507,0.642,0.246,0.828,0.078,5.86,1.236,2019
kazakhstan,0.41,1.173,0.146,0.729,0.096,5.809,1.508,2019
bolivia,0.511,0.776,0.137,0.706,0.064,5.779,1.209,2019
hungary,0.199,1.201,0.081,0.828,0.02,5.758,1.41,2019
paraguay,0.514,0.855,0.184,0.777,0.08,5.743,1.475,2019
northern cyprus,0.417,1.263,0.191,1.042,0.162,5.718,1.252,2019
peru,0.455,0.96,0.083,0.854,0.027,5.697,1.274,2019
portugal,0.508,1.221,0.047,0.999,0.025,5.693,1.431,2019
pakistan,0.313,0.677,0.22,0.535,0.098,5.653,0.886,2019
russia,0.334,1.183,0.082,0.726,0.031,5.648,1.452,2019
philippines,0.558,0.807,0.117,0.657,0.107,5.631,1.293,2019
serbia,0.282,1.004,0.137,0.854,0.039,5.603,1.383,2019
moldova,0.245,0.685,0.181,0.739,0.0,5.529,1.328,2019
libya,0.416,1.044,0.133,0.673,0.152,5.525,1.303,2019
montenegro,0.197,1.051,0.142,0.871,0.08,5.523,1.361,2019
tajikistan,0.389,0.493,0.23,0.718,0.144,5.467,1.098,2019
croatia,0.296,1.155,0.119,0.914,0.022,5.432,1.266,2019
hong kong,0.44,1.438,0.258,1.122,0.287,5.43,1.277,2019
dominican republic,0.497,1.015,0.113,0.779,0.101,5.425,1.401,2019
bosnia and herzegovina,0.212,0.945,0.263,0.845,0.006,5.386,1.212,2019
turkey,0.195,1.183,0.083,0.808,0.106,5.373,1.36,2019
malaysia,0.508,1.221,0.26,0.828,0.024,5.339,1.171,2019
belarus,0.235,1.067,0.094,0.789,0.142,5.323,1.465,2019
greece,0.067,1.181,0.0,0.999,0.034,5.287,1.156,2019
mongolia,0.317,0.948,0.235,0.667,0.038,5.285,1.531,2019
macedonia,0.345,0.983,0.185,0.838,0.034,5.274,1.294,2019
nigeria,0.426,0.696,0.215,0.245,0.041,5.265,1.111,2019
kyrgyzstan,0.508,0.551,0.3,0.723,0.023,5.261,1.438,2019
turkmenistan,0.394,1.052,0.244,0.657,0.028,5.247,1.538,2019
algeria,0.086,1.002,0.073,0.785,0.114,5.211,1.16,2019
morocco,0.418,0.801,0.036,0.782,0.076,5.208,0.782,2019
azerbaijan,0.351,1.043,0.035,0.769,0.182,5.208,1.147,2019
lebanon,0.216,0.987,0.166,0.815,0.027,5.197,1.224,2019
indonesia,0.491,0.931,0.498,0.66,0.028,5.192,1.203,2019
china,0.521,1.029,0.058,0.893,0.1,5.191,1.125,2019
vietnam,0.543,0.741,0.147,0.851,0.073,5.175,1.346,2019
bhutan,0.457,0.813,0.37,0.604,0.167,5.082,1.321,2019
cameroon,0.381,0.549,0.187,0.331,0.037,5.044,0.91,2019
bulgaria,0.311,1.092,0.081,0.815,0.004,5.011,1.513,2019
ghana,0.381,0.611,0.245,0.486,0.04,4.996,0.868,2019
ivory coast,0.352,0.569,0.154,0.232,0.09,4.944,0.808,2019
nepal,0.439,0.446,0.285,0.677,0.089,4.913,1.226,2019
jordan,0.383,0.837,0.11,0.815,0.13,4.906,1.225,2019
benin,0.349,0.393,0.175,0.397,0.082,4.883,0.437,2019
congo (brazzaville),0.372,0.673,0.105,0.508,0.093,4.812,0.799,2019
gabon,0.295,1.057,0.043,0.571,0.055,4.799,1.183,2019
laos,0.547,0.764,0.266,0.551,0.164,4.796,1.03,2019
south africa,0.389,0.96,0.13,0.469,0.055,4.722,1.351,2019
albania,0.383,0.947,0.178,0.874,0.027,4.719,0.848,2019
venezuela,0.154,0.96,0.064,0.805,0.047,4.707,1.427,2019
cambodia,0.609,0.574,0.232,0.637,0.062,4.7,1.122,2019
palestinian territories,0.225,0.657,0.103,0.672,0.066,4.696,1.247,2019
senegal,0.292,0.45,0.153,0.571,0.072,4.681,1.134,2019
somalia,0.559,0.0,0.243,0.268,0.27,4.668,0.698,2019
namibia,0.401,0.879,0.07,0.477,0.056,4.639,1.313,2019
niger,0.318,0.138,0.188,0.366,0.102,4.628,0.774,2019
burkina faso,0.255,0.331,0.177,0.38,0.113,4.587,1.056,2019
armenia,0.283,0.85,0.095,0.815,0.064,4.559,1.055,2019
iran,0.305,1.1,0.27,0.785,0.125,4.548,0.842,2019
guinea,0.332,0.38,0.207,0.375,0.086,4.534,0.829,2019
georgia,0.346,0.886,0.043,0.752,0.164,4.519,0.666,2019
gambia,0.382,0.308,0.269,0.428,0.167,4.516,0.939,2019
kenya,0.431,0.512,0.372,0.581,0.053,4.509,0.983,2019
mauritania,0.066,0.57,0.106,0.489,0.088,4.49,1.167,2019
mozambique,0.494,0.204,0.197,0.39,0.138,4.466,0.986,2019
tunisia,0.167,0.921,0.059,0.815,0.055,4.461,1.0,2019
bangladesh,0.527,0.562,0.166,0.723,0.143,4.456,0.928,2019
iraq,0.241,1.043,0.148,0.574,0.089,4.437,0.98,2019
congo (kinshasa),0.269,0.094,0.212,0.357,0.053,4.418,1.125,2019
mali,0.327,0.385,0.153,0.308,0.052,4.39,1.105,2019
sierra leone,0.309,0.268,0.252,0.242,0.045,4.374,0.841,2019
sri lanka,0.47,0.949,0.244,0.831,0.047,4.366,1.265,2019
myanmar,0.525,0.71,0.566,0.555,0.172,4.36,1.181,2019
chad,0.174,0.35,0.198,0.192,0.078,4.35,0.766,2019
ukraine,0.178,0.82,0.187,0.739,0.01,4.332,1.39,2019
ethiopia,0.344,0.336,0.209,0.532,0.1,4.286,1.033,2019
eswatini,0.313,0.811,0.074,0.0,0.135,4.212,1.149,2019
uganda,0.356,0.332,0.252,0.443,0.06,4.189,1.069,2019
egypt,0.241,0.913,0.076,0.644,0.067,4.166,1.039,2019
zambia,0.431,0.578,0.247,0.426,0.087,4.107,1.058,2019
togo,0.293,0.275,0.177,0.41,0.085,4.085,0.572,2019
india,0.498,0.755,0.2,0.588,0.085,4.015,0.765,2019
liberia,0.37,0.073,0.233,0.443,0.033,3.975,0.922,2019
comoros,0.142,0.274,0.275,0.505,0.078,3.973,0.757,2019
madagascar,0.148,0.274,0.169,0.555,0.041,3.933,0.916,2019
lesotho,0.359,0.489,0.107,0.168,0.093,3.802,1.169,2019
burundi,0.22,0.046,0.176,0.38,0.18,3.775,0.447,2019
zimbabwe,0.361,0.366,0.151,0.433,0.089,3.663,1.114,2019
haiti,0.026,0.323,0.419,0.449,0.11,3.597,0.688,2019
botswana,0.455,1.041,0.025,0.538,0.1,3.488,1.145,2019
syria,0.013,0.619,0.331,0.44,0.141,3.462,0.378,2019
malawi,0.443,0.191,0.218,0.495,0.089,3.41,0.56,2019
yemen,0.143,0.287,0.108,0.463,0.077,3.38,1.163,2019
rwanda,0.555,0.359,0.217,0.614,0.411,3.334,0.711,2019
tanzania,0.417,0.476,0.276,0.499,0.147,3.231,0.885,2019
afghanistan,0.0,0.35,0.158,0.361,0.025,3.203,0.517,2019
central african republic,0.225,0.026,0.235,0.105,0.035,3.083,0.0,2019
south sudan,0.01,0.306,0.202,0.295,0.091,2.853,0.575,2019
